<?xml version="1.0" ?>
<container xmlns="http://symfony.com/schema/dic/services"
    xmlns:xsi="http://www.w3.org/2001/XMLSchema-instance"
    xsi:schemaLocation="http://symfony.com/schema/dic/services http://symfony.com/schema/dic/services/services-1.0.xsd">
    <parameters>

        <parameter key="behat.mink.driver.goutte.class">Behat\Mink\Driver\GoutteDriver</parameter>
        <parameter key="behat.mink.goutte.class">Behat\Mink\Driver\Goutte\Client</parameter>
        <parameter key="behat.mink.guzzle.class">Guzzle\Http\Client</parameter>
        <parameter key="behat.mink.goutte.server_parameters" type="collection"></parameter>
        <parameter key="behat.mink.goutte.guzzle_parameters" type="collection"></parameter>

    </parameters>
    <services>

        <service id="behat.mink.session.goutte" class="%behat.mink.session.class%">
            <argument type="service">
                <service class="%behat.mink.driver.goutte.class%">
                    <argument type="service" id="behat.mink.goutte" />
                </service>
            </argument>
            <argument type="service" id="behat.mink.selector.handler" />
            <tag name="behat.mink.session" alias="goutte" />
        </service>

        <service id="behat.mink.goutte" class="%behat.mink.goutte.class%">
            <argument>%behat.mink.goutte.server_parameters%</argument>
            <call method="setClient">
                <argument type="service" id="behat.mink.guzzle" />
            </call>
        </service>

        <service id="behat.mink.guzzle" class="%behat.mink.guzzle.class%">
            <argument>null</argument>
            <argument>%behat.mink.goutte.guzzle_parameters%</argument>
        </service>

    </services>
</container>
