<?xml version="1.0" ?>
<container xmlns="http://symfony.com/schema/dic/services"
    xmlns:xsi="http://www.w3.org/2001/XMLSchema-instance"
    xsi:schemaLocation="http://symfony.com/schema/dic/services http://symfony.com/schema/dic/services/services-1.0.xsd">
    <parameters>

        <parameter key="behat.mink.listener.failure_show_listener.class">Behat\MinkExtension\Listener\FailureShowListener</parameter>

    </parameters>
    <services>

        <service id="behat.mink.listener.failure_show_listener" class="%behat.mink.listener.failure_show_listener.class%">
            <argument type="service" id="behat.mink" />
            <argument>%behat.mink.parameters%</argument>
            <tag name="behat.event_subscriber" priority="0" />
        </service>

    </services>
</container>
