<?xml version="1.0" ?>
<container xmlns="http://symfony.com/schema/dic/services"
    xmlns:xsi="http://www.w3.org/2001/XMLSchema-instance"
    xsi:schemaLocation="http://symfony.com/schema/dic/services http://symfony.com/schema/dic/services/services-1.0.xsd">

    <parameters>
        <!-- Path parameters -->
        <parameter key="gherkin.paths.lib">null</parameter>
        <parameter key="gherkin.paths.i18n">%gherkin.paths.lib%/i18n.php</parameter>

        <parameter key="behat.paths.lib">null</parameter>
        <parameter key="behat.paths.i18n">%behat.paths.lib%/i18n.php</parameter>

        <parameter key="behat.paths.base"></parameter>
        <parameter key="behat.paths.features">%behat.paths.base%/features</parameter>
        <parameter key="behat.paths.bootstrap">%behat.paths.features%/bootstrap</parameter>

        <!-- Format parameters -->
        <parameter key="behat.formatter.name">pretty</parameter>
        <parameter key="behat.formatter.parameters" type="collection"></parameter>
        <parameter key="behat.formatter.classes" type="collection"></parameter>
        <parameter key="behat.formatter.dispatcher.class">Behat\Behat\Formatter\FormatterDispatcher</parameter>
        <parameter key="behat.formatter.manager.class">Behat\Behat\Formatter\FormatterManager</parameter>

        <!-- Options -->
        <parameter key="behat.options.cache">null</parameter>
        <parameter key="behat.options.rerun">null</parameter>
        <parameter key="behat.options.strict">false</parameter>
        <parameter key="behat.options.dry_run">false</parameter>
        <parameter key="behat.options.stop_on_failure">false</parameter>
        <parameter key="behat.options.append_snippets">null</parameter>

        <!-- Gherkin Parser -->
        <parameter key="gherkin.class">Behat\Gherkin\Gherkin</parameter>
        <parameter key="gherkin.parser.class">Behat\Gherkin\Parser</parameter>
        <parameter key="gherkin.lexer.class">Behat\Gherkin\Lexer</parameter>
        <parameter key="gherkin.loader.gherkin_file.class">Behat\Gherkin\Loader\GherkinFileLoader</parameter>
        <parameter key="gherkin.loader.directory.class">Behat\Gherkin\Loader\DirectoryLoader</parameter>
        <parameter key="gherkin.loader.feature_suite.class">Behat\Behat\Gherkin\Loader\FeatureSuiteLoader</parameter>
        <parameter key="gherkin.keywords.class">Behat\Gherkin\Keywords\CachedArrayKeywords</parameter>
        <parameter key="gherkin.keywords.path">%gherkin.paths.i18n%</parameter>
        <parameter key="gherkin.keywords.dumper.class">Behat\Gherkin\Keywords\KeywordsDumper</parameter>
        <parameter key="gherkin.filters.name">null</parameter>
        <parameter key="gherkin.filters.tags">null</parameter>

        <!-- Core -->
        <parameter key="behat.extension.classes" type="collection"></parameter>
        <parameter key="behat.console.command.class">Behat\Behat\Console\Command\BehatCommand</parameter>
        <parameter key="behat.console.processor.aggregate.class">Behat\Behat\Console\Processor\AggregateProcessor</parameter>
        <parameter key="behat.console.processor.locator.class">Behat\Behat\Console\Processor\LocatorProcessor</parameter>
        <parameter key="behat.console.processor.context.reader.class">Behat\Behat\Console\Processor\ContextReaderProcessor</parameter>
        <parameter key="behat.console.processor.init.class">Behat\Behat\Console\Processor\InitProcessor</parameter>
        <parameter key="behat.console.processor.format.class">Behat\Behat\Console\Processor\FormatProcessor</parameter>
        <parameter key="behat.console.processor.help.class">Behat\Behat\Console\Processor\HelpProcessor</parameter>
        <parameter key="behat.console.processor.gherkin.class">Behat\Behat\Console\Processor\GherkinProcessor</parameter>
        <parameter key="behat.console.processor.run.class">Behat\Behat\Console\Processor\RunProcessor</parameter>

        <!-- Context -->
        <parameter key="behat.context.class">FeatureContext</parameter>
        <parameter key="behat.context.class.force">false</parameter>
        <parameter key="behat.context.parameters" type="collection"></parameter>
        <parameter key="behat.context.dispatcher.class">Behat\Behat\Context\ContextDispatcher</parameter>
        <parameter key="behat.context.reader.class">Behat\Behat\Context\ContextReader</parameter>
        <parameter key="behat.context.class_guesser.predefined.class">Behat\Behat\Context\ClassGuesser\PredefinedClassGuesser</parameter>
        <parameter key="behat.context.loader.translated.class">Behat\Behat\Context\Loader\TranslatedLoader</parameter>
        <parameter key="behat.context.loader.annotated.class">Behat\Behat\Context\Loader\AnnotatedLoader</parameter>
        <parameter key="behat.context.loader.closured.class">Behat\Behat\Context\Loader\ClosuredLoader</parameter>

        <!-- Definition Dispathcer -->
        <parameter key="behat.definition.dispatcher.class">Behat\Behat\Definition\DefinitionDispatcher</parameter>
        <parameter key="behat.definition.loader.closured.class">Behat\Behat\Definition\Loader\ClosuredDefinitionLoader</parameter>
        <parameter key="behat.definition.proposal_dispatcher.class">Behat\Behat\Definition\Proposal\DefinitionProposalDispatcher</parameter>
        <parameter key="behat.definition.proposal.closured.class">Behat\Behat\Definition\Proposal\ClosuredDefinitionProposal</parameter>
        <parameter key="behat.definition.proposal.annotated.class">Behat\Behat\Definition\Proposal\AnnotatedDefinitionProposal</parameter>

        <!-- Hook Dispatcher -->
        <parameter key="behat.hook.dispatcher.class">Behat\Behat\Hook\HookDispatcher</parameter>
        <parameter key="behat.hook.loader.closured.class">Behat\Behat\Hook\Loader\ClosuredHookLoader</parameter>

        <!-- Tester -->
        <parameter key="behat.tester.feature.class">Behat\Behat\Tester\FeatureTester</parameter>
        <parameter key="behat.tester.background.class">Behat\Behat\Tester\BackgroundTester</parameter>
        <parameter key="behat.tester.scenario.class">Behat\Behat\Tester\ScenarioTester</parameter>
        <parameter key="behat.tester.outline.class">Behat\Behat\Tester\OutlineTester</parameter>
        <parameter key="behat.tester.step.class">Behat\Behat\Tester\StepTester</parameter>

        <!-- Translator -->
        <parameter key="behat.translator.class">Symfony\Component\Translation\Translator</parameter>
        <parameter key="behat.translator.message_selector.class">Symfony\Component\Translation\MessageSelector</parameter>
        <parameter key="behat.translator.xliff_loader.class">Symfony\Component\Translation\Loader\XliffFileLoader</parameter>
        <parameter key="behat.translator.yaml_loader.class">Symfony\Component\Translation\Loader\YamlFileLoader</parameter>
        <parameter key="behat.translator.php_loader.class">Symfony\Component\Translation\Loader\PhpFileLoader</parameter>
        <parameter key="behat.translator.array_loader.class">Symfony\Component\Translation\Loader\ArrayLoader</parameter>

        <!-- Event Dispatcher -->
        <parameter key="behat.event_dispatcher.class">Symfony\Component\EventDispatcher\EventDispatcher</parameter>

        <!-- DataCollector -->
        <parameter key="behat.logger.class">Behat\Behat\DataCollector\LoggerDataCollector</parameter>

        <!-- HelpPrinter -->
        <parameter key="behat.help_printer.definitions.class">Behat\Behat\HelpPrinter\DefinitionsPrinter</parameter>
        <parameter key="behat.help_printer.story_syntax.class">Behat\Behat\HelpPrinter\StorySyntaxPrinter</parameter>
    </parameters>
    <services>
        <!-- Gherkin Parser -->
        <service id="gherkin" class="%gherkin.class%" />
        <service id="gherkin.parser" class="%gherkin.parser.class%">
            <argument type="service" id="gherkin.lexer" />
        </service>
        <service id="gherkin.lexer" class="%gherkin.lexer.class%">
            <argument type="service" id="gherkin.keywords" />
        </service>
        <service id="gherkin.keywords" class="%gherkin.keywords.class%">
            <argument>%gherkin.paths.lib%/i18n.php</argument>
        </service>
        <service id="gherkin.loader.gherkin_file" class="%gherkin.loader.gherkin_file.class%">
            <argument type="service" id="gherkin.parser" />
            <tag name="gherkin.loader" />
        </service>
        <service id="gherkin.loader.feature_suite" class="%gherkin.loader.feature_suite.class%">
            <argument>%behat.paths.features%</argument>
            <argument type="service" id="gherkin" />
            <tag name="gherkin.loader" />
        </service>
        <service id="gherkin.loader.directory" class="%gherkin.loader.directory.class%">
            <argument type="service" id="gherkin" />
            <tag name="gherkin.loader" />
        </service>

        <!-- Core -->
        <service id="behat.console.command" class="%behat.console.command.class%">
            <argument type="service" id="service_container" />
            <argument type="service" id="behat.console.processor.aggregate" />
        </service>

        <!-- Processors -->
        <service id="behat.console.processor.aggregate" class="%behat.console.processor.aggregate.class%" />
        <service id="behat.console.processor.locator" class="%behat.console.processor.locator.class%">
            <argument type="service" id="service_container" />
            <tag name="behat.console.processor" />
        </service>
        <service id="behat.console.processor.init" class="%behat.console.processor.init.class%">
            <argument type="service" id="service_container" />
            <tag name="behat.console.processor" />
        </service>
        <service id="behat.console.processor.format" class="%behat.console.processor.format.class%">
            <argument type="service" id="service_container" />
            <tag name="behat.console.processor" />
        </service>
        <service id="behat.console.processor.context.reader" class="%behat.console.processor.context.reader.class%">
            <argument type="service" id="service_container" />
            <tag name="behat.console.processor" />
        </service>
        <service id="behat.console.processor.help" class="%behat.console.processor.help.class%">
            <argument type="service" id="service_container" />
            <tag name="behat.console.processor" />
        </service>
        <service id="behat.console.processor.gherkin" class="%behat.console.processor.gherkin.class%">
            <argument type="service" id="service_container" />
            <tag name="behat.console.processor" />
        </service>
        <service id="behat.console.processor.run" class="%behat.console.processor.run.class%">
            <argument type="service" id="service_container" />
            <tag name="behat.console.processor" />
        </service>

        <!-- Context -->
        <service id="behat.context.reader" class="%behat.context.reader.class%">
            <argument type="service" id="behat.context.dispatcher" />
        </service>
        <service id="behat.context.dispatcher" class="%behat.context.dispatcher.class%">
            <argument>%behat.context.parameters%</argument>
        </service>
        <service id="behat.context.class_guesser.predefined" class="%behat.context.class_guesser.predefined.class%">
            <argument>%behat.context.class%</argument>
            <argument>%behat.context.class.force%</argument>
            <tag name="behat.context.class_guesser" priority="10" />
        </service>
        <service id="behat.context.loader.translated" class="%behat.context.loader.translated.class%">
            <argument type="service" id="behat.translator" />
            <tag name="behat.context.loader" />
        </service>
        <service id="behat.context.loader.annotated" class="%behat.context.loader.annotated.class%">
            <argument type="service" id="behat.definition.dispatcher" />
            <argument type="service" id="behat.hook.dispatcher" />
            <tag name="behat.context.loader" />
        </service>
        <service id="behat.context.loader.closured" class="%behat.context.loader.closured.class%">
            <argument type="service">
                <service class="%behat.definition.loader.closured.class%">
                    <argument type="service" id="behat.definition.dispatcher" />
                </service>
            </argument>
            <argument type="service">
                <service class="%behat.hook.loader.closured.class%">
                    <argument type="service" id="behat.hook.dispatcher" />
                </service>
            </argument>
            <tag name="behat.context.loader" />
        </service>

        <!-- Definition Dispatcher -->
        <service id="behat.definition.dispatcher" class="%behat.definition.dispatcher.class%">
            <argument type="service" id="behat.definition.proposal_dispatcher" />
            <argument type="service" id="behat.translator" />
        </service>
        <service id="behat.definition.proposal_dispatcher" class="%behat.definition.proposal_dispatcher.class%" />
        <service id="behat.definition.proposal.closured" class="%behat.definition.proposal.closured.class%">
            <tag name="behat.definition.proposal" />
        </service>
        <service id="behat.definition.proposal.annotated" class="%behat.definition.proposal.annotated.class%">
            <tag name="behat.definition.proposal" />
        </service>

        <!-- Tester -->
        <service id="behat.tester.feature" class="%behat.tester.feature.class%" scope="prototype">
            <argument type="service" id="service_container" />
        </service>
        <service id="behat.tester.background" class="%behat.tester.background.class%" scope="prototype">
            <argument type="service" id="service_container" />
        </service>
        <service id="behat.tester.scenario" class="%behat.tester.scenario.class%" scope="prototype">
            <argument type="service" id="service_container" />
        </service>
        <service id="behat.tester.outline" class="%behat.tester.outline.class%" scope="prototype">
            <argument type="service" id="service_container" />
        </service>
        <service id="behat.tester.step" class="%behat.tester.step.class%" scope="prototype">
            <argument type="service" id="service_container" />
        </service>

        <!-- Format -->
        <service id="behat.formatter.manager" class="%behat.formatter.manager.class%">
            <argument type="service" id="behat.translator" />
            <argument type="service" id="behat.event_dispatcher" />
        </service>
        <service id="behat.formatter.dispatcher.pretty" class="%behat.formatter.dispatcher.class%">
            <argument>Behat\Behat\Formatter\PrettyFormatter</argument>
            <argument>pretty</argument>
            <argument>Prints the feature as is.</argument>
            <tag name="behat.formatter.dispatcher" />
        </service>
        <service id="behat.formatter.dispatcher.progress" class="%behat.formatter.dispatcher.class%">
            <argument>Behat\Behat\Formatter\ProgressFormatter</argument>
            <argument>progress</argument>
            <argument>Prints one character per step.</argument>
            <tag name="behat.formatter.dispatcher" />
        </service>
        <service id="behat.formatter.dispatcher.html" class="%behat.formatter.dispatcher.class%">
            <argument>Behat\Behat\Formatter\HtmlFormatter</argument>
            <argument>html</argument>
            <argument>Generates a nice looking HTML report.</argument>
            <tag name="behat.formatter.dispatcher" />
        </service>
        <service id="behat.formatter.dispatcher.junit" class="%behat.formatter.dispatcher.class%">
            <argument>Behat\Behat\Formatter\JUnitFormatter</argument>
            <argument>junit</argument>
            <argument>Generates a report similar to Ant+JUnit.</argument>
            <tag name="behat.formatter.dispatcher" />
        </service>
        <service id="behat.formatter.dispatcher.failed" class="%behat.formatter.dispatcher.class%">
            <argument>Behat\Behat\Formatter\FailedScenariosFormatter</argument>
            <argument>failed</argument>
            <argument>Prints list of failed scenarios.</argument>
            <tag name="behat.formatter.dispatcher" />
        </service>
        <service id="behat.formatter.dispatcher.snippets" class="%behat.formatter.dispatcher.class%">
            <argument>Behat\Behat\Formatter\SnippetsFormatter</argument>
            <argument>snippets</argument>
            <argument>Prints only snippets for undefined steps.</argument>
            <tag name="behat.formatter.dispatcher" />
        </service>

        <!-- Event Dispatcher -->
        <service id="behat.event_dispatcher" class="%behat.event_dispatcher.class%" />

        <!-- Hook Dispatcher -->
        <service id="behat.hook.dispatcher" class="%behat.hook.dispatcher.class%">
            <tag name="behat.event_subscriber" priority="10" />
        </service>

        <!-- DataCollector -->
        <service id="behat.logger" class="%behat.logger.class%">
            <tag name="behat.event_subscriber" priority="0" />
        </service>

        <!-- HelpPrinter -->
        <service id="behat.help_printer.definitions" class="%behat.help_printer.definitions.class%">
            <argument type="service" id="behat.definition.dispatcher" />
            <argument type="service" id="behat.translator" />
        </service>
        <service id="behat.help_printer.story_syntax" class="%behat.help_printer.story_syntax.class%">
            <argument type="service">
                <service class="%gherkin.keywords.dumper.class%">
                    <argument type="service" id="gherkin.keywords" />
                </service>
            </argument>
        </service>

        <!-- Translator -->
        <service id="behat.translator" class="%behat.translator.class%">
            <argument>en</argument>
            <argument type="service">
                <service class="%behat.translator.message_selector.class%" />
            </argument>

            <call method="setFallbackLocales">
                <argument type="collection">
                    <argument>en</argument>
                </argument>
            </call>

            <!-- Translation loaders -->
            <call method="addLoader">
                <argument>xliff</argument>
                <argument type="service">
                    <service class="%behat.translator.xliff_loader.class%" />
                </argument>
            </call>
            <call method="addLoader">
                <argument>yaml</argument>
                <argument type="service">
                    <service class="%behat.translator.yaml_loader.class%" />
                </argument>
            </call>
            <call method="addLoader">
                <argument>php</argument>
                <argument type="service">
                    <service class="%behat.translator.php_loader.class%" />
                </argument>
            </call>
            <call method="addLoader">
                <argument>array</argument>
                <argument type="service">
                    <service class="%behat.translator.array_loader.class%" />
                </argument>
            </call>
        </service>
    </services>
</container>
